id;title;author;body
1;Internal;Finland Functionality maiores;edge National
2;during Quality beyond;aha Ena clergyman;index hacking
3;disloyal female;Supervisor;Bedfordshire what
4;wireless;Borders indexing;mitre Southwest Lead
5;Architect Micronesia Refined;Branch;male circa of
6;Planner Gasoline;Kyat Small deposit;Chips Soft female
7;overpower;Diesel;Pizza
8;Northwest Computer;Maserati;Faroe Southwest engage
9;ouch Forward;static;olive lawful
10;envisioneer Movies exuding;South Massachusetts;Tesla
